,year,month,hour,value
0,2025,4,0,-11166.405033333334
1,2025,4,1,-16748.659033333333
2,2025,4,2,-24720.0
3,2025,4,3,-28304.932099999998
4,2025,4,4,-34800.0
5,2025,4,5,-30812.395133333335
6,2025,4,6,22636.81
7,2025,4,7,19086.22333333333
8,2025,4,8,0.0
9,2025,4,9,0.0
10,2025,4,10,0.0
11,2025,4,11,-2320.0
12,2025,4,12,-2320.0
13,2025,4,13,-1160.0
14,2025,4,14,0.0
15,2025,4,15,0.0
16,2025,4,16,15049.4
17,2025,4,17,13820.033333333333
18,2025,4,18,15227.083333333334
19,2025,4,19,11929.166666666666
20,2025,4,20,19576.683333333334
21,2025,4,21,21612.1
22,2025,4,22,0.0
23,2025,4,23,-6614.999766666666
24,2025,5,0,-11450.322580645161
25,2025,5,1,-17651.612903225807
26,2025,5,2,-23922.58064516129
27,2025,5,3,-28784.179516129032
28,2025,5,4,-33637.65777419355
29,2025,5,5,-31160.23841935484
30,2025,5,6,25050.09677419355
31,2025,5,7,15311.070967741936
32,2025,5,8,0.0
33,2025,5,9,0.0
34,2025,5,10,0.0
35,2025,5,11,-2322.5806451612902
36,2025,5,12,-2400.0
37,2025,5,13,-1161.2903225806451
38,2025,5,14,0.0
39,2025,5,15,0.0
40,2025,5,16,18096.58064516129
41,2025,5,17,16634.3064516129
42,2025,5,18,11203.241935483871
43,2025,5,19,17654.854838709678
44,2025,5,20,14193.548387096775
45,2025,5,21,20793.800000000003
46,2025,5,22,0.0
47,2025,5,23,-6476.928225806451
48,2025,6,0,-11042.372233333333
49,2025,6,1,-15808.0
50,2025,6,2,-23731.652133333333
51,2025,6,3,-30517.82606666667
52,2025,6,4,-33557.82606666667
53,2025,6,5,-31006.019066666668
54,2025,6,6,18831.94
55,2025,6,7,15573.8
56,2025,6,8,0.0
57,2025,6,9,0.0
58,2025,6,10,0.0
59,2025,6,11,-2320.0
60,2025,6,12,-2400.0
61,2025,6,13,-1080.0
62,2025,6,14,0.0
63,2025,6,15,0.0
64,2025,6,16,14694.642666666668
65,2025,6,17,21117.95
66,2025,6,18,16000.0
67,2025,6,19,13262.5
68,2025,6,20,16158.750666666667
69,2025,6,21,23297.916666666668
70,2025,6,22,0.0
71,2025,6,23,-7503.6955
72,2025,7,0,0.0
73,2025,7,1,0.0
74,2025,7,2,-6379.354838709677
75,2025,7,3,-26657.334967741936
76,2025,7,4,-32191.682999999997
77,2025,7,5,-29409.509096774193
78,2025,7,6,-27904.754548387096
79,2025,7,7,-17400.0
80,2025,7,8,-14400.0
81,2025,7,9,0.0
82,2025,7,10,0.0
83,2025,7,11,-2379.5932580645162
84,2025,7,12,-2245.1612903225805
85,2025,7,13,0.0
86,2025,7,14,0.0
87,2025,7,15,0.0
88,2025,7,16,13171.370967741936
89,2025,7,17,11475.806451612903
90,2025,7,18,7604.8387096774195
91,2025,7,19,5092.741935483871
92,2025,7,20,40000.0
93,2025,7,21,40000.0
94,2025,7,22,8078.629032258064
95,2025,7,23,13514.112903225807
96,2025,8,0,0.0
97,2025,8,1,0.0
98,2025,8,2,-4784.5161290322585
99,2025,8,3,-26539.102129032257
100,2025,8,4,-32114.26364516129
101,2025,8,5,-31200.0
102,2025,8,6,-27904.754548387096
103,2025,8,7,-17400.0
104,2025,8,8,-14400.0
105,2025,8,9,0.0
106,2025,8,10,0.0
107,2025,8,11,-2302.1739032258065
108,2025,8,12,-2322.5806451612902
109,2025,8,13,0.0
110,2025,8,14,0.0
111,2025,8,15,0.0
112,2025,8,16,11881.048387096775
113,2025,8,17,11475.806451612903
114,2025,8,18,7604.8387096774195
115,2025,8,19,5772.177419354839
116,2025,8,20,40000.0
117,2025,8,21,40000.0
118,2025,8,22,7399.193548387097
119,2025,8,23,14804.435483870968
120,2025,9,0,0.0
121,2025,9,1,0.0
122,2025,9,2,-7416.0
123,2025,9,3,-24978.999766666668
124,2025,9,4,-32848.7391
125,2025,9,5,-30274.91303333333
126,2025,9,6,-26949.82606666667
127,2025,9,7,-17400.0
128,2025,9,8,-14298.913033333334
129,2025,9,9,0.0
130,2025,9,10,0.0
131,2025,9,11,-2400.0
132,2025,9,12,-2400.0
133,2025,9,13,0.0
134,2025,9,14,0.0
135,2025,9,15,0.0
136,2025,9,16,18383.333333333332
137,2025,9,17,13893.75
138,2025,9,18,12489.583333333334
139,2025,9,19,17120.833333333332
140,2025,9,20,13120.833333333334
141,2025,9,21,26666.666666666668
142,2025,9,22,17964.583333333332
143,2025,9,23,19297.916666666668
144,2025,10,0,-11410.561
145,2025,10,1,-17572.089741935484
146,2025,10,2,-24680.23841935484
147,2025,10,3,-29769.58661290323
148,2025,10,4,-34760.23841935484
149,2025,10,5,-28253.77941935484
150,2025,10,6,20705.51290322581
151,2025,10,7,16533.6935483871
152,2025,10,8,0.0
153,2025,10,9,0.0
154,2025,10,10,0.0
155,2025,10,11,-2322.5806451612902
156,2025,10,12,-2245.1612903225805
157,2025,10,13,-1161.2903225806451
158,2025,10,14,0.0
159,2025,10,15,0.0
160,2025,10,16,18333.44193548387
161,2025,10,17,17755.467741935485
162,2025,10,18,15074.209677419354
163,2025,10,19,15765.012903225806
164,2025,10,20,16094.758064516129
165,2025,10,21,18675.40322580645
166,2025,10,22,0.0
167,2025,10,23,-6791.865161290323
168,2025,11,0,-11749.826066666667
169,2025,11,1,-16374.913033333334
170,2025,11,2,-23896.0
171,2025,11,3,-30348.932099999998
172,2025,11,4,-33598.91303333334
173,2025,11,5,-30260.546133333333
174,2025,11,6,24098.2
175,2025,11,7,22767.75
176,2025,11,8,0.0
177,2025,11,9,0.0
178,2025,11,10,0.0
179,2025,11,11,-2240.0
180,2025,11,12,-2400.0
181,2025,11,13,-1080.0
182,2025,11,14,0.0
183,2025,11,15,0.0
184,2025,11,16,14313.269999999999
185,2025,11,17,22273.6
186,2025,11,18,10821.173333333334
187,2025,11,19,13262.5
188,2025,11,20,13893.75
189,2025,11,21,17507.256666666664
190,2025,11,22,0.0
191,2025,11,23,-7018.260666666667
192,2025,12,0,-11928.218774193549
193,2025,12,1,-18240.0
194,2025,12,2,-24408.21877419355
195,2025,12,3,-30444.10938709677
196,2025,12,4,-34488.218774193556
197,2025,12,5,-31200.0
198,2025,12,6,0.0
199,2025,12,7,0.0
200,2025,12,8,-115.07712903225807
201,2025,12,9,0.0
202,2025,12,10,0.0
203,2025,12,11,0.0
204,2025,12,12,-2322.5806451612902
205,2025,12,13,-1200.0
206,2025,12,14,0.0
207,2025,12,15,12697.58064516129
208,2025,12,16,9979.838709677419
209,2025,12,17,6314.5161290322585
210,2025,12,18,5024.193548387097
211,2025,12,19,40000.0
212,2025,12,20,40000.0
213,2025,12,21,10116.935483870968
214,2025,12,22,14804.435483870968
215,2025,12,23,-4620.9675161290315
216,2026,1,0,-11928.218774193549
217,2026,1,1,-17616.437548387097
218,2026,1,2,-23940.546935483868
219,2026,1,3,-30444.10938709677
220,2026,1,4,-34644.109387096774
221,2026,1,5,-31200.0
222,2026,1,6,-115.07712903225807
223,2026,1,7,0.0
224,2026,1,8,0.0
225,2026,1,9,0.0
226,2026,1,10,0.0
227,2026,1,11,0.0
228,2026,1,12,-2400.0
229,2026,1,13,-1200.0
230,2026,1,14,0.0
231,2026,1,15,11338.709677419354
232,2026,1,16,12491.935483870968
233,2026,1,17,3802.4193548387098
234,2026,1,18,6383.064516129032
235,2026,1,19,40000.0
236,2026,1,20,40000.0
237,2026,1,21,9437.5
238,2026,1,22,15483.870967741936
239,2026,1,23,-5478.891838709677
240,2026,2,0,-11365.714285714286
241,2026,2,1,-17911.583857142858
242,2026,2,2,-23837.14285714286
243,2026,2,3,-29463.121107142855
244,2026,2,4,-33557.142857142855
245,2026,2,5,-30041.692535714283
246,2026,2,6,16646.685714285715
247,2026,2,7,15896.525
248,2026,2,8,0.0
249,2026,2,9,0.0
250,2026,2,10,0.0
251,2026,2,11,-2314.285714285714
252,2026,2,12,-2400.0
253,2026,2,13,-1157.142857142857
254,2026,2,14,0.0
255,2026,2,15,0.0
256,2026,2,16,13271.510714285714
257,2026,2,17,14397.107142857143
258,2026,2,18,11953.125
259,2026,2,19,21539.964285714286
260,2026,2,20,22857.14285714286
261,2026,2,21,22375.43928571429
262,2026,2,22,0.0
263,2026,2,23,-6919.5650000000005
264,2026,3,0,-11507.41270967742
265,2026,3,1,-17023.46422580645
266,2026,3,2,-23125.16129032258
267,2026,3,3,-29573.14164516129
268,2026,3,4,-33867.734548387096
269,2026,3,5,-31200.0
270,2026,3,6,18357.983870967742
271,2026,3,7,17652.064516129034
272,2026,3,8,0.0
273,2026,3,9,0.0
274,2026,3,10,0.0
275,2026,3,11,-2400.0
276,2026,3,12,-2400.0
277,2026,3,13,-1200.0
278,2026,3,14,0.0
279,2026,3,15,0.0
280,2026,3,16,22695.009677419355
281,2026,3,17,12425.016129032258
282,2026,3,18,15346.774193548386
283,2026,3,19,19624.612903225807
284,2026,3,20,16061.845161290323
285,2026,3,21,16774.1935483871
286,2026,3,22,0.0
287,2026,3,23,-6670.476612903226
